SampleID,treatment,crop,harvest,drought,planted,summarise,summarise_new,dna_rna
DNA_1,PreDr(P1),switchgrass,Day 0,pre-drought,planted,Day 0planted,pre-drought_planted,DNA
DNA_2,PreDr(P2),switchgrass,Day 0,pre-drought,planted,Day 0planted,pre-drought_planted,DNA
DNA_3,PreDr(P3),switchgrass,Day 0,pre-drought,planted,Day 0planted,pre-drought_planted,DNA
DNA_4,PreDr(P4),switchgrass,Day 0,pre-drought,planted,Day 0planted,pre-drought_planted,DNA
DNA_5,PreDr(P5),switchgrass,Day 0,pre-drought,planted,Day 0planted,pre-drought_planted,DNA
DNA_6,PreDr(U1),switchgrass,Day 0,pre-drought,unplanted,Day 0unplanted,pre-drought_unplanted,DNA
DNA_7,PreDr(U2),switchgrass,Day 0,pre-drought,unplanted,Day 0unplanted,pre-drought_unplanted,DNA
DNA_8,PreDr(U3),switchgrass,Day 0,pre-drought,unplanted,Day 0unplanted,pre-drought_unplanted,DNA
DNA_9,PreDr(U4),switchgrass,Day 0,pre-drought,unplanted,Day 0unplanted,pre-drought_unplanted,DNA
DNA_10,PreDr(U5),switchgrass,Day 0,pre-drought,unplanted,Day 0unplanted,pre-drought_unplanted,DNA
DNA_13,H1Dr(P1),switchgrass,Day 2,drought,planted,Day 2planted,drought_planted,DNA
DNA_14,H1Dr(P2),switchgrass,Day 2,drought,planted,Day 2planted,drought_planted,DNA
DNA_15,H1Dr(P3),switchgrass,Day 2,drought,planted,Day 2planted,drought_planted,DNA
DNA_16,H1Dr(P4),switchgrass,Day 2,drought,planted,Day 2planted,drought_planted,DNA
DNA_17,H1Dr(P5),switchgrass,Day 2,drought,planted,Day 2planted,drought_planted,DNA
DNA_18,H1Dr(U1),switchgrass,Day 2,drought,unplanted,Day 2unplanted,drought_unplanted,DNA
DNA_19,H1Dr(U2),switchgrass,Day 2,drought,unplanted,Day 2unplanted,drought_unplanted,DNA
DNA_20,H1Dr(U3),switchgrass,Day 2,drought,unplanted,Day 2unplanted,drought_unplanted,DNA
DNA_21,H1Dr(U4),switchgrass,Day 2,drought,unplanted,Day 2unplanted,drought_unplanted,DNA
DNA_22,H1Dr(U5),switchgrass,Day 2,drought,unplanted,Day 2unplanted,drought_unplanted,DNA
DNA_25,H2Dr(P1),switchgrass,Day 3,drought,planted,Day 3planted,drought_planted,DNA
DNA_26,H2Dr(P2),switchgrass,Day 3,drought,planted,Day 3planted,drought_planted,DNA
DNA_27,H2Dr(P3),switchgrass,Day 3,drought,planted,Day 3planted,drought_planted,DNA
DNA_28,H2Dr(P4),switchgrass,Day 3,drought,planted,Day 3planted,drought_planted,DNA
DNA_29,H2Dr(P5),switchgrass,Day 3,drought,planted,Day 3planted,drought_planted,DNA
DNA_30,H2Dr(U1),switchgrass,Day 3,drought,unplanted,Day 3unplanted,drought_unplanted,DNA
DNA_31,H2Dr(U2),switchgrass,Day 3,drought,unplanted,Day 3unplanted,drought_unplanted,DNA
DNA_32,H2Dr(U3),switchgrass,Day 3,drought,unplanted,Day 3unplanted,drought_unplanted,DNA
DNA_33,H2Dr(U4),switchgrass,Day 3,drought,unplanted,Day 3unplanted,drought_unplanted,DNA
DNA_34,H2Dr(U5),switchgrass,Day 3,drought,unplanted,Day 3unplanted,drought_unplanted,DNA
DNA_37,H3Dr(P1),switchgrass,Day 4,drought,planted,Day 4planted,drought_planted,DNA
DNA_38,H3Dr(P2),switchgrass,Day 4,drought,planted,Day 4planted,drought_planted,DNA
DNA_39,H3Dr(P3),switchgrass,Day 4,drought,planted,Day 4planted,drought_planted,DNA
DNA_40,H3Dr(P4),switchgrass,Day 4,drought,planted,Day 4planted,drought_planted,DNA
DNA_41,H3Dr(P5),switchgrass,Day 4,drought,planted,Day 4planted,drought_planted,DNA
DNA_42,H3Dr(U1),switchgrass,Day 4,drought,unplanted,Day 4unplanted,drought_unplanted,DNA
DNA_43,H3Dr(U2),switchgrass,Day 4,drought,unplanted,Day 4unplanted,drought_unplanted,DNA
DNA_44,H3Dr(U3),switchgrass,Day 4,drought,unplanted,Day 4unplanted,drought_unplanted,DNA
DNA_45,H3Dr(U4),switchgrass,Day 4,drought,unplanted,Day 4unplanted,drought_unplanted,DNA
DNA_46,H3Dr(U5),switchgrass,Day 4,drought,unplanted,Day 4unplanted,drought_unplanted,DNA
DNA_49,H4Dr(P1),switchgrass,Day 5,drought,planted,Day 5planted,drought_planted,DNA
DNA_50,H4Dr(P2),switchgrass,Day 5,drought,planted,Day 5planted,drought_planted,DNA
DNA_51,H4Dr(P3),switchgrass,Day 5,drought,planted,Day 5planted,drought_planted,DNA
DNA_52,H4Dr(P4),switchgrass,Day 5,drought,planted,Day 5planted,drought_planted,DNA
DNA_53,H4Dr(P5),switchgrass,Day 5,drought,planted,Day 5planted,drought_planted,DNA
DNA_54,H4Dr(U1),switchgrass,Day 5,drought,unplanted,Day 5unplanted,drought_unplanted,DNA
DNA_55,H4Dr(U2),switchgrass,Day 5,drought,unplanted,Day 5unplanted,drought_unplanted,DNA
DNA_56,H4Dr(U3),switchgrass,Day 5,drought,unplanted,Day 5unplanted,drought_unplanted,DNA
DNA_57,H4Dr(U4),switchgrass,Day 5,drought,unplanted,Day 5unplanted,drought_unplanted,DNA
DNA_58,H4Dr(U5),switchgrass,Day 5,drought,unplanted,Day 5unplanted,drought_unplanted,DNA
DNA_59,H5Dr(P1),switchgrass,Day 6,drought,planted,Day 6planted,drought_planted,DNA
DNA_60,H5Dr(P2),switchgrass,Day 6,drought,planted,Day 6planted,drought_planted,DNA
DNA_61,H5Dr(P3),switchgrass,Day 6,drought,planted,Day 6planted,drought_planted,DNA
DNA_62,H5Dr(P4),switchgrass,Day 6,drought,planted,Day 6planted,drought_planted,DNA
DNA_63,H5Dr(P5),switchgrass,Day 6,drought,planted,Day 6planted,drought_planted,DNA
DNA_64,H5Dr(U1),switchgrass,Day 6,drought,unplanted,Day 6unplanted,drought_unplanted,DNA
DNA_65,H5Dr(U2),switchgrass,Day 6,drought,unplanted,Day 6unplanted,drought_unplanted,DNA
DNA_66,H5Dr(U3),switchgrass,Day 6,drought,unplanted,Day 6unplanted,drought_unplanted,DNA
DNA_67,H5Dr(U4),switchgrass,Day 6,drought,unplanted,Day 6unplanted,drought_unplanted,DNA
DNA_68,H5Dr(U5),switchgrass,Day 6,drought,unplanted,Day 6unplanted,drought_unplanted,DNA
DNA_71,H1WW(P1),switchgrass,Day 2,watered,planted,Day 2planted,watered_planted,DNA
DNA_72,H1WW(P2),switchgrass,Day 2,watered,planted,Day 2planted,watered_planted,DNA
DNA_73,H1WW(P3),switchgrass,Day 2,watered,planted,Day 2planted,watered_planted,DNA
DNA_74,H1WW(P4),switchgrass,Day 2,watered,planted,Day 2planted,watered_planted,DNA
DNA_75,H1WW(P5),switchgrass,Day 2,watered,planted,Day 2planted,watered_planted,DNA
DNA_76,H1WW(U1),switchgrass,Day 2,watered,unplanted,Day 2unplanted,watered_unplanted,DNA
DNA_77,H1WW(U2),switchgrass,Day 2,watered,unplanted,Day 2unplanted,watered_unplanted,DNA
DNA_78,H1WW(U3),switchgrass,Day 2,watered,unplanted,Day 2unplanted,watered_unplanted,DNA
DNA_79,H1WW(U4),switchgrass,Day 2,watered,unplanted,Day 2unplanted,watered_unplanted,DNA
DNA_80,H1WW(U5),switchgrass,Day 2,watered,unplanted,Day 2unplanted,watered_unplanted,DNA
DNA_81,H2WW(P1),switchgrass,Day 3,watered,planted,Day 3planted,watered_planted,DNA
DNA_82,H2WW(P2),switchgrass,Day 3,watered,planted,Day 3planted,watered_planted,DNA
DNA_83,H2WW(P3),switchgrass,Day 3,watered,planted,Day 3planted,watered_planted,DNA
DNA_84,H2WW(P4),switchgrass,Day 3,watered,planted,Day 3planted,watered_planted,DNA
DNA_85,H2WW(P5),switchgrass,Day 3,watered,planted,Day 3planted,watered_planted,DNA
DNA_86,H2WW(U1),switchgrass,Day 3,watered,unplanted,Day 3unplanted,watered_unplanted,DNA
DNA_87,H2WW(U2),switchgrass,Day 3,watered,unplanted,Day 3unplanted,watered_unplanted,DNA
DNA_88,H2WW(U3),switchgrass,Day 3,watered,unplanted,Day 3unplanted,watered_unplanted,DNA
DNA_89,H2WW(U4),switchgrass,Day 3,watered,unplanted,Day 3unplanted,watered_unplanted,DNA
DNA_90,H2WW(U5),switchgrass,Day 3,watered,unplanted,Day 3unplanted,watered_unplanted,DNA
DNA_93,H3WW(P1),switchgrass,Day 4,watered,planted,Day 4planted,watered_planted,DNA
DNA_94,H3WW(P2),switchgrass,Day 4,watered,planted,Day 4planted,watered_planted,DNA
DNA_95,H3WW(P3),switchgrass,Day 4,watered,planted,Day 4planted,watered_planted,DNA
DNA_96,H3WW(P4),switchgrass,Day 4,watered,planted,Day 4planted,watered_planted,DNA
DNA_97,H3WW(P5),switchgrass,Day 4,watered,planted,Day 4planted,watered_planted,DNA
DNA_98,H3WW(U1),switchgrass,Day 4,watered,unplanted,Day 4unplanted,watered_unplanted,DNA
DNA_99,H3WW(U2),switchgrass,Day 4,watered,unplanted,Day 4unplanted,watered_unplanted,DNA
DNA_100,H3WW(U3),switchgrass,Day 4,watered,unplanted,Day 4unplanted,watered_unplanted,DNA
DNA_101,H3WW(U4),switchgrass,Day 4,watered,unplanted,Day 4unplanted,watered_unplanted,DNA
DNA_102,H3WW(U5),switchgrass,Day 4,watered,unplanted,Day 4unplanted,watered_unplanted,DNA
DNA_105,H4WW(P1),switchgrass,Day 5,watered,planted,Day 5planted,watered_planted,DNA
DNA_106,H4WW(P2),switchgrass,Day 5,watered,planted,Day 5planted,watered_planted,DNA
DNA_107,H4WW(P3),switchgrass,Day 5,watered,planted,Day 5planted,watered_planted,DNA
DNA_108,H4WW(P4),switchgrass,Day 5,watered,planted,Day 5planted,watered_planted,DNA
DNA_109,H4WW(P5),switchgrass,Day 5,watered,planted,Day 5planted,watered_planted,DNA
DNA_110,H4WW(U1),switchgrass,Day 5,watered,unplanted,Day 5unplanted,watered_unplanted,DNA
DNA_111,H4WW(U2),switchgrass,Day 5,watered,unplanted,Day 5unplanted,watered_unplanted,DNA
DNA_112,H4WW(U3),switchgrass,Day 5,watered,unplanted,Day 5unplanted,watered_unplanted,DNA
DNA_113,H4WW(U4),switchgrass,Day 5,watered,unplanted,Day 5unplanted,watered_unplanted,DNA
DNA_114,H4WW(U5),switchgrass,Day 5,watered,unplanted,Day 5unplanted,watered_unplanted,DNA
DNA_115,H5WW(P1),switchgrass,Day 6,watered,planted,Day 6planted,watered_planted,DNA
DNA_116,H5WW(P2),switchgrass,Day 6,watered,planted,Day 6planted,watered_planted,DNA
DNA_117,H5WW(P3),switchgrass,Day 6,watered,planted,Day 6planted,watered_planted,DNA
DNA_118,H5WW(P4),switchgrass,Day 6,watered,planted,Day 6planted,watered_planted,DNA
DNA_119,H5WW(P5),switchgrass,Day 6,watered,planted,Day 6planted,watered_planted,DNA
DNA_122,H5WW(U1),switchgrass,Day 6,watered,unplanted,Day 6unplanted,watered_unplanted,DNA
DNA_123,H5WW(U2),switchgrass,Day 6,watered,unplanted,Day 6unplanted,watered_unplanted,DNA
DNA_124,H5WW(U3),switchgrass,Day 6,watered,unplanted,Day 6unplanted,watered_unplanted,DNA
DNA_125,H5WW(U4),switchgrass,Day 6,watered,unplanted,Day 6unplanted,watered_unplanted,DNA
DNA_126,H5WW(U5),switchgrass,Day 6,watered,unplanted,Day 6unplanted,watered_unplanted,DNA
DNA_127,PreDr(P1),bean,Day 0,pre-drought,planted,Day 0planted,pre-drought_planted,DNA
DNA_128,PreDr(P2),bean,Day 0,pre-drought,planted,Day 0planted,pre-drought_planted,DNA
DNA_129,PreDr(P3),bean,Day 0,pre-drought,planted,Day 0planted,pre-drought_planted,DNA
DNA_130,PreDr(P4),bean,Day 0,pre-drought,planted,Day 0planted,pre-drought_planted,DNA
DNA_131,PreDr(P5),bean,Day 0,pre-drought,planted,Day 0planted,pre-drought_planted,DNA
DNA_134,PreDr(U1),bean,Day 0,pre-drought,unplanted,Day 0unplanted,pre-drought_unplanted,DNA
DNA_135,PreDr(U2),bean,Day 0,pre-drought,unplanted,Day 0unplanted,pre-drought_unplanted,DNA
DNA_136,PreDr(U3),bean,Day 0,pre-drought,unplanted,Day 0unplanted,pre-drought_unplanted,DNA
DNA_137,PreDr(U4),bean,Day 0,pre-drought,unplanted,Day 0unplanted,pre-drought_unplanted,DNA
DNA_138,PreDr(U5),bean,Day 0,pre-drought,unplanted,Day 0unplanted,pre-drought_unplanted,DNA
DNA_139,H1Dr(P1),bean,Day 2,drought,planted,Day 2planted,drought_planted,DNA
DNA_140,H1Dr(P2),bean,Day 2,drought,planted,Day 2planted,drought_planted,DNA
DNA_141,H1Dr(P3),bean,Day 2,drought,planted,Day 2planted,drought_planted,DNA
DNA_142,H1Dr(P4),bean,Day 2,drought,planted,Day 2planted,drought_planted,DNA
DNA_143,H1Dr(P5),bean,Day 2,drought,planted,Day 2planted,drought_planted,DNA
DNA_146,H1Dr(U1),bean,Day 2,drought,unplanted,Day 2unplanted,drought_unplanted,DNA
DNA_147,H1Dr(U2),bean,Day 2,drought,unplanted,Day 2unplanted,drought_unplanted,DNA
DNA_148,H1Dr(U3),bean,Day 2,drought,unplanted,Day 2unplanted,drought_unplanted,DNA
DNA_149,H1Dr(U4),bean,Day 2,drought,unplanted,Day 2unplanted,drought_unplanted,DNA
DNA_150,H1Dr(U5),bean,Day 2,drought,unplanted,Day 2unplanted,drought_unplanted,DNA
DNA_151,H2Dr(P1),bean,Day 3,drought,planted,Day 3planted,drought_planted,DNA
DNA_152,H2Dr(P2),bean,Day 3,drought,planted,Day 3planted,drought_planted,DNA
DNA_153,H2Dr(P3),bean,Day 3,drought,planted,Day 3planted,drought_planted,DNA
DNA_154,H2Dr(P4),bean,Day 3,drought,planted,Day 3planted,drought_planted,DNA
DNA_155,H2Dr(P5),bean,Day 3,drought,planted,Day 3planted,drought_planted,DNA
DNA_156,H2Dr(U1),bean,Day 3,drought,unplanted,Day 3unplanted,drought_unplanted,DNA
DNA_157,H2Dr(U2),bean,Day 3,drought,unplanted,Day 3unplanted,drought_unplanted,DNA
DNA_158,H2Dr(U3),bean,Day 3,drought,unplanted,Day 3unplanted,drought_unplanted,DNA
DNA_159,H2Dr(U4),bean,Day 3,drought,unplanted,Day 3unplanted,drought_unplanted,DNA
DNA_160,H2Dr(U5),bean,Day 3,drought,unplanted,Day 3unplanted,drought_unplanted,DNA
DNA_163,H3Dr(P1),bean,Day 4,drought,planted,Day 4planted,drought_planted,DNA
DNA_164,H3Dr(P2),bean,Day 4,drought,planted,Day 4planted,drought_planted,DNA
DNA_165,H3Dr(P3),bean,Day 4,drought,planted,Day 4planted,drought_planted,DNA
DNA_166,H3Dr(P4),bean,Day 4,drought,planted,Day 4planted,drought_planted,DNA
DNA_167,H3Dr(P5),bean,Day 4,drought,planted,Day 4planted,drought_planted,DNA
DNA_168,H3Dr(U1),bean,Day 4,drought,unplanted,Day 4unplanted,drought_unplanted,DNA
DNA_169,H3Dr(U2),bean,Day 4,drought,unplanted,Day 4unplanted,drought_unplanted,DNA
DNA_170,H3Dr(U3),bean,Day 4,drought,unplanted,Day 4unplanted,drought_unplanted,DNA
DNA_171,H3Dr(U4),bean,Day 4,drought,unplanted,Day 4unplanted,drought_unplanted,DNA
DNA_172,H3Dr(U5),bean,Day 4,drought,unplanted,Day 4unplanted,drought_unplanted,DNA
DNA_173,H4Dr(P1),bean,Day 5,drought,planted,Day 5planted,drought_planted,DNA
DNA_174,H4Dr(P2),bean,Day 5,drought,planted,Day 5planted,drought_planted,DNA
DNA_175,H4Dr(P3),bean,Day 5,drought,planted,Day 5planted,drought_planted,DNA
DNA_176,H4Dr(P4),bean,Day 5,drought,planted,Day 5planted,drought_planted,DNA
DNA_177,H4Dr(P5),bean,Day 5,drought,planted,Day 5planted,drought_planted,DNA
DNA_180,H4Dr(U1),bean,Day 5,drought,unplanted,Day 5unplanted,drought_unplanted,DNA
DNA_181,H4Dr(U2),bean,Day 5,drought,unplanted,Day 5unplanted,drought_unplanted,DNA
DNA_182,H4Dr(U3),bean,Day 5,drought,unplanted,Day 5unplanted,drought_unplanted,DNA
DNA_183,H4Dr(U4),bean,Day 5,drought,unplanted,Day 5unplanted,drought_unplanted,DNA
DNA_184,H4Dr(U5),bean,Day 5,drought,unplanted,Day 5unplanted,drought_unplanted,DNA
DNA_185,H5Dr(P1),bean,Day 6,drought,planted,Day 6planted,drought_planted,DNA
DNA_186,H5Dr(P2),bean,Day 6,drought,planted,Day 6planted,drought_planted,DNA
DNA_187,H5Dr(P3),bean,Day 6,drought,planted,Day 6planted,drought_planted,DNA
DNA_188,H5Dr(P4),bean,Day 6,drought,planted,Day 6planted,drought_planted,DNA
DNA_189,H5Dr(P5),bean,Day 6,drought,planted,Day 6planted,drought_planted,DNA
DNA_190,H5Dr(U1),bean,Day 6,drought,unplanted,Day 6unplanted,drought_unplanted,DNA
DNA_191,H5Dr(U2),bean,Day 6,drought,unplanted,Day 6unplanted,drought_unplanted,DNA
DNA_192,H5Dr(U3),bean,Day 6,drought,unplanted,Day 6unplanted,drought_unplanted,DNA
DNA_193,H5Dr(U4),bean,Day 6,drought,unplanted,Day 6unplanted,drought_unplanted,DNA
DNA_194,H5Dr(U5),bean,Day 6,drought,unplanted,Day 6unplanted,drought_unplanted,DNA
DNA_197,H1WW(P1),bean,Day 2,watered,planted,Day 2planted,watered_planted,DNA
DNA_198,H1WW(P2),bean,Day 2,watered,planted,Day 2planted,watered_planted,DNA
DNA_199,H1WW(P3),bean,Day 2,watered,planted,Day 2planted,watered_planted,DNA
DNA_200,H1WW(P4),bean,Day 2,watered,planted,Day 2planted,watered_planted,DNA
DNA_201,H1WW(P5),bean,Day 2,watered,planted,Day 2planted,watered_planted,DNA
DNA_202,H1WW(U1),bean,Day 2,watered,unplanted,Day 2unplanted,watered_unplanted,DNA
DNA_203,H1WW(U2),bean,Day 2,watered,unplanted,Day 2unplanted,watered_unplanted,DNA
DNA_204,H1WW(U3),bean,Day 2,watered,unplanted,Day 2unplanted,watered_unplanted,DNA
DNA_205,H1WW(U4),bean,Day 2,watered,unplanted,Day 2unplanted,watered_unplanted,DNA
DNA_206,H1WW(U5),bean,Day 2,watered,unplanted,Day 2unplanted,watered_unplanted,DNA
DNA_209,H2WW(P1),bean,Day 3,watered,planted,Day 3planted,watered_planted,DNA
DNA_210,H2WW(P2),bean,Day 3,watered,planted,Day 3planted,watered_planted,DNA
DNA_211,H2WW(P3),bean,Day 3,watered,planted,Day 3planted,watered_planted,DNA
DNA_212,H2WW(P4),bean,Day 3,watered,planted,Day 3planted,watered_planted,DNA
DNA_213,H2WW(P5),bean,Day 3,watered,planted,Day 3planted,watered_planted,DNA
DNA_214,H2WW(U1),bean,Day 3,watered,unplanted,Day 3unplanted,watered_unplanted,DNA
DNA_215,H2WW(U2),bean,Day 3,watered,unplanted,Day 3unplanted,watered_unplanted,DNA
DNA_216,H2WW(U3),bean,Day 3,watered,unplanted,Day 3unplanted,watered_unplanted,DNA
DNA_217,H2WW(U4),bean,Day 3,watered,unplanted,Day 3unplanted,watered_unplanted,DNA
DNA_218,H2WW(U5),bean,Day 3,watered,unplanted,Day 3unplanted,watered_unplanted,DNA
DNA_219,H3WW(P1),bean,Day 4,watered,planted,Day 4planted,watered_planted,DNA
DNA_220,H3WW(P2),bean,Day 4,watered,planted,Day 4planted,watered_planted,DNA
DNA_221,H3WW(P3),bean,Day 4,watered,planted,Day 4planted,watered_planted,DNA
DNA_222,H3WW(P4),bean,Day 4,watered,planted,Day 4planted,watered_planted,DNA
DNA_223,H3WW(P5),bean,Day 4,watered,planted,Day 4planted,watered_planted,DNA
DNA_226,H3WW(U1),bean,Day 4,watered,unplanted,Day 4unplanted,watered_unplanted,DNA
DNA_227,H3WW(U2),bean,Day 4,watered,unplanted,Day 4unplanted,watered_unplanted,DNA
DNA_228,H3WW(U3),bean,Day 4,watered,unplanted,Day 4unplanted,watered_unplanted,DNA
DNA_229,H3WW(U4),bean,Day 4,watered,unplanted,Day 4unplanted,watered_unplanted,DNA
DNA_230,H3WW(U5),bean,Day 4,watered,unplanted,Day 4unplanted,watered_unplanted,DNA
DNA_231,H4WW(P1),bean,Day 5,watered,planted,Day 5planted,watered_planted,DNA
DNA_232,H4WW(P2),bean,Day 5,watered,planted,Day 5planted,watered_planted,DNA
DNA_233,H4WW(P3),bean,Day 5,watered,planted,Day 5planted,watered_planted,DNA
DNA_234,H4WW(P4),bean,Day 5,watered,planted,Day 5planted,watered_planted,DNA
DNA_235,H4WW(P5),bean,Day 5,watered,planted,Day 5planted,watered_planted,DNA
DNA_236,H4WW(U1),bean,Day 5,watered,unplanted,Day 5unplanted,watered_unplanted,DNA
DNA_237,H4WW(U2),bean,Day 5,watered,unplanted,Day 5unplanted,watered_unplanted,DNA
DNA_238,H4WW(U3),bean,Day 5,watered,unplanted,Day 5unplanted,watered_unplanted,DNA
DNA_239,H4WW(U4),bean,Day 5,watered,unplanted,Day 5unplanted,watered_unplanted,DNA
DNA_240,H4WW(U5),bean,Day 5,watered,unplanted,Day 5unplanted,watered_unplanted,DNA
DNA_243,H5WW(P1),bean,Day 6,watered,planted,Day 6planted,watered_planted,DNA
DNA_244,H5WW(P2),bean,Day 6,watered,planted,Day 6planted,watered_planted,DNA
DNA_245,H5WW(P3),bean,Day 6,watered,planted,Day 6planted,watered_planted,DNA
DNA_246,H5WW(P4),bean,Day 6,watered,planted,Day 6planted,watered_planted,DNA
DNA_247,H5WW(P5),bean,Day 6,watered,planted,Day 6planted,watered_planted,DNA
DNA_248,H5WW(U1),bean,Day 6,watered,unplanted,Day 6unplanted,watered_unplanted,DNA
DNA_249,H5WW(U2),bean,Day 6,watered,unplanted,Day 6unplanted,watered_unplanted,DNA
DNA_250,H5WW(U3),bean,Day 6,watered,unplanted,Day 6unplanted,watered_unplanted,DNA
DNA_251,H5WW(U4),bean,Day 6,watered,unplanted,Day 6unplanted,watered_unplanted,DNA
DNA_252,H5WW(U5),bean,Day 6,watered,unplanted,Day 6unplanted,watered_unplanted,DNA
cDNA_127,PreDr(P1),bean,Day 0,pre-drought,planted,Day 0planted,pre-drought_planted,RNA
cDNA_128,PreDr(P2),bean,Day 0,pre-drought,planted,Day 0planted,pre-drought_planted,RNA
cDNA_129,PreDr(P3),bean,Day 0,pre-drought,planted,Day 0planted,pre-drought_planted,RNA
cDNA_130,PreDr(P4),bean,Day 0,pre-drought,planted,Day 0planted,pre-drought_planted,RNA
cDNA_131,PreDr(P5),bean,Day 0,pre-drought,planted,Day 0planted,pre-drought_planted,RNA
cDNA_134,PreDr(U1),bean,Day 0,pre-drought,unplanted,Day 0unplanted,pre-drought_unplanted,RNA
cDNA_135,PreDr(U2),bean,Day 0,pre-drought,unplanted,Day 0unplanted,pre-drought_unplanted,RNA
cDNA_136,PreDr(U3),bean,Day 0,pre-drought,unplanted,Day 0unplanted,pre-drought_unplanted,RNA
cDNA_137,PreDr(U4),bean,Day 0,pre-drought,unplanted,Day 0unplanted,pre-drought_unplanted,RNA
cDNA_138,PreDr(U5),bean,Day 0,pre-drought,unplanted,Day 0unplanted,pre-drought_unplanted,RNA
cDNA_139,H1Dr(P1),bean,Day 2,drought,planted,Day 2planted,drought_planted,RNA
cDNA_140,H1Dr(P2),bean,Day 2,drought,planted,Day 2planted,drought_planted,RNA
cDNA_141,H1Dr(P3),bean,Day 2,drought,planted,Day 2planted,drought_planted,RNA
cDNA_142,H1Dr(P4),bean,Day 2,drought,planted,Day 2planted,drought_planted,RNA
cDNA_143,H1Dr(P5),bean,Day 2,drought,planted,Day 2planted,drought_planted,RNA
cDNA_146,H1Dr(U1),bean,Day 2,drought,unplanted,Day 2unplanted,drought_unplanted,RNA
cDNA_147,H1Dr(U2),bean,Day 2,drought,unplanted,Day 2unplanted,drought_unplanted,RNA
cDNA_148,H1Dr(U3),bean,Day 2,drought,unplanted,Day 2unplanted,drought_unplanted,RNA
cDNA_149,H1Dr(U4),bean,Day 2,drought,unplanted,Day 2unplanted,drought_unplanted,RNA
cDNA_150,H1Dr(U5),bean,Day 2,drought,unplanted,Day 2unplanted,drought_unplanted,RNA
cDNA_151,H2Dr(P1),bean,Day 3,drought,planted,Day 3planted,drought_planted,RNA
cDNA_152,H2Dr(P2),bean,Day 3,drought,planted,Day 3planted,drought_planted,RNA
cDNA_153,H2Dr(P3),bean,Day 3,drought,planted,Day 3planted,drought_planted,RNA
cDNA_154,H2Dr(P4),bean,Day 3,drought,planted,Day 3planted,drought_planted,RNA
cDNA_155,H2Dr(P5),bean,Day 3,drought,planted,Day 3planted,drought_planted,RNA
cDNA_156,H2Dr(U1),bean,Day 3,drought,unplanted,Day 3unplanted,drought_unplanted,RNA
cDNA_157,H2Dr(U2),bean,Day 3,drought,unplanted,Day 3unplanted,drought_unplanted,RNA
cDNA_158,H2Dr(U3),bean,Day 3,drought,unplanted,Day 3unplanted,drought_unplanted,RNA
cDNA_159,H2Dr(U4),bean,Day 3,drought,unplanted,Day 3unplanted,drought_unplanted,RNA
cDNA_160,H2Dr(U5),bean,Day 3,drought,unplanted,Day 3unplanted,drought_unplanted,RNA
cDNA_163,H3Dr(P1),bean,Day 4,drought,planted,Day 4planted,drought_planted,RNA
cDNA_164,H3Dr(P2),bean,Day 4,drought,planted,Day 4planted,drought_planted,RNA
cDNA_165,H3Dr(P3),bean,Day 4,drought,planted,Day 4planted,drought_planted,RNA
cDNA_166,H3Dr(P4),bean,Day 4,drought,planted,Day 4planted,drought_planted,RNA
cDNA_167,H3Dr(P5),bean,Day 4,drought,planted,Day 4planted,drought_planted,RNA
cDNA_168,H3Dr(U1),bean,Day 4,drought,unplanted,Day 4unplanted,drought_unplanted,RNA
cDNA_169,H3Dr(U2),bean,Day 4,drought,unplanted,Day 4unplanted,drought_unplanted,RNA
cDNA_170,H3Dr(U3),bean,Day 4,drought,unplanted,Day 4unplanted,drought_unplanted,RNA
cDNA_171,H3Dr(U4),bean,Day 4,drought,unplanted,Day 4unplanted,drought_unplanted,RNA
cDNA_172,H3Dr(U5),bean,Day 4,drought,unplanted,Day 4unplanted,drought_unplanted,RNA
cDNA_173,H4Dr(P1),bean,Day 5,drought,planted,Day 5planted,drought_planted,RNA
cDNA_174,H4Dr(P2),bean,Day 5,drought,planted,Day 5planted,drought_planted,RNA
cDNA_175,H4Dr(P3),bean,Day 5,drought,planted,Day 5planted,drought_planted,RNA
cDNA_176,H4Dr(P4),bean,Day 5,drought,planted,Day 5planted,drought_planted,RNA
cDNA_177,H4Dr(P5),bean,Day 5,drought,planted,Day 5planted,drought_planted,RNA
cDNA_180,H4Dr(U1),bean,Day 5,drought,unplanted,Day 5unplanted,drought_unplanted,RNA
cDNA_181,H4Dr(U2),bean,Day 5,drought,unplanted,Day 5unplanted,drought_unplanted,RNA
cDNA_182,H4Dr(U3),bean,Day 5,drought,unplanted,Day 5unplanted,drought_unplanted,RNA
cDNA_183,H4Dr(U4),bean,Day 5,drought,unplanted,Day 5unplanted,drought_unplanted,RNA
cDNA_184,H4Dr(U5),bean,Day 5,drought,unplanted,Day 5unplanted,drought_unplanted,RNA
cDNA_185,H5Dr(P1),bean,Day 6,drought,planted,Day 6planted,drought_planted,RNA
cDNA_186,H5Dr(P2),bean,Day 6,drought,planted,Day 6planted,drought_planted,RNA
cDNA_187,H5Dr(P3),bean,Day 6,drought,planted,Day 6planted,drought_planted,RNA
cDNA_188,H5Dr(P4),bean,Day 6,drought,planted,Day 6planted,drought_planted,RNA
cDNA_189,H5Dr(P5),bean,Day 6,drought,planted,Day 6planted,drought_planted,RNA
cDNA_190,H5Dr(U1),bean,Day 6,drought,unplanted,Day 6unplanted,drought_unplanted,RNA
cDNA_191,H5Dr(U2),bean,Day 6,drought,unplanted,Day 6unplanted,drought_unplanted,RNA
cDNA_192,H5Dr(U3),bean,Day 6,drought,unplanted,Day 6unplanted,drought_unplanted,RNA
cDNA_193,H5Dr(U4),bean,Day 6,drought,unplanted,Day 6unplanted,drought_unplanted,RNA
cDNA_194,H5Dr(U5),bean,Day 6,drought,unplanted,Day 6unplanted,drought_unplanted,RNA
cDNA_197,H1WW(P1),bean,Day 2,watered,planted,Day 2planted,watered_planted,RNA
cDNA_198,H1WW(P2),bean,Day 2,watered,planted,Day 2planted,watered_planted,RNA
cDNA_199,H1WW(P3),bean,Day 2,watered,planted,Day 2planted,watered_planted,RNA
cDNA_200,H1WW(P4),bean,Day 2,watered,planted,Day 2planted,watered_planted,RNA
cDNA_201,H1WW(P5),bean,Day 2,watered,planted,Day 2planted,watered_planted,RNA
cDNA_202,H1WW(U1),bean,Day 2,watered,unplanted,Day 2unplanted,watered_unplanted,RNA
cDNA_203,H1WW(U2),bean,Day 2,watered,unplanted,Day 2unplanted,watered_unplanted,RNA
cDNA_204,H1WW(U3),bean,Day 2,watered,unplanted,Day 2unplanted,watered_unplanted,RNA
cDNA_205,H1WW(U4),bean,Day 2,watered,unplanted,Day 2unplanted,watered_unplanted,RNA
cDNA_206,H1WW(U5),bean,Day 2,watered,unplanted,Day 2unplanted,watered_unplanted,RNA
cDNA_209,H2WW(P1),bean,Day 3,watered,planted,Day 3planted,watered_planted,RNA
cDNA_210,H2WW(P2),bean,Day 3,watered,planted,Day 3planted,watered_planted,RNA
cDNA_211,H2WW(P3),bean,Day 3,watered,planted,Day 3planted,watered_planted,RNA
cDNA_212,H2WW(P4),bean,Day 3,watered,planted,Day 3planted,watered_planted,RNA
cDNA_213,H2WW(P5),bean,Day 3,watered,planted,Day 3planted,watered_planted,RNA
cDNA_214,H2WW(U1),bean,Day 3,watered,unplanted,Day 3unplanted,watered_unplanted,RNA
cDNA_215,H2WW(U2),bean,Day 3,watered,unplanted,Day 3unplanted,watered_unplanted,RNA
cDNA_216,H2WW(U3),bean,Day 3,watered,unplanted,Day 3unplanted,watered_unplanted,RNA
cDNA_217,H2WW(U4),bean,Day 3,watered,unplanted,Day 3unplanted,watered_unplanted,RNA
cDNA_218,H2WW(U5),bean,Day 3,watered,unplanted,Day 3unplanted,watered_unplanted,RNA
cDNA_219,H3WW(P1),bean,Day 4,watered,planted,Day 4planted,watered_planted,RNA
cDNA_220,H3WW(P2),bean,Day 4,watered,planted,Day 4planted,watered_planted,RNA
cDNA_221,H3WW(P3),bean,Day 4,watered,planted,Day 4planted,watered_planted,RNA
cDNA_222,H3WW(P4),bean,Day 4,watered,planted,Day 4planted,watered_planted,RNA
cDNA_223,H3WW(P5),bean,Day 4,watered,planted,Day 4planted,watered_planted,RNA
cDNA_226,H3WW(U1),bean,Day 4,watered,unplanted,Day 4unplanted,watered_unplanted,RNA
cDNA_227,H3WW(U2),bean,Day 4,watered,unplanted,Day 4unplanted,watered_unplanted,RNA
cDNA_228,H3WW(U3),bean,Day 4,watered,unplanted,Day 4unplanted,watered_unplanted,RNA
cDNA_229,H3WW(U4),bean,Day 4,watered,unplanted,Day 4unplanted,watered_unplanted,RNA
cDNA_230,H3WW(U5),bean,Day 4,watered,unplanted,Day 4unplanted,watered_unplanted,RNA
cDNA_231,H4WW(P1),bean,Day 5,watered,planted,Day 5planted,watered_planted,RNA
cDNA_232,H4WW(P2),bean,Day 5,watered,planted,Day 5planted,watered_planted,RNA
cDNA_233,H4WW(P3),bean,Day 5,watered,planted,Day 5planted,watered_planted,RNA
cDNA_234,H4WW(P4),bean,Day 5,watered,planted,Day 5planted,watered_planted,RNA
cDNA_235,H4WW(P5),bean,Day 5,watered,planted,Day 5planted,watered_planted,RNA
cDNA_236,H4WW(U1),bean,Day 5,watered,unplanted,Day 5unplanted,watered_unplanted,RNA
cDNA_237,H4WW(U2),bean,Day 5,watered,unplanted,Day 5unplanted,watered_unplanted,RNA
cDNA_238,H4WW(U3),bean,Day 5,watered,unplanted,Day 5unplanted,watered_unplanted,RNA
cDNA_239,H4WW(U4),bean,Day 5,watered,unplanted,Day 5unplanted,watered_unplanted,RNA
cDNA_240,H4WW(U5),bean,Day 5,watered,unplanted,Day 5unplanted,watered_unplanted,RNA
cDNA_243,H5WW(P1),bean,Day 6,watered,planted,Day 6planted,watered_planted,RNA
cDNA_244,H5WW(P2),bean,Day 6,watered,planted,Day 6planted,watered_planted,RNA
cDNA_245,H5WW(P3),bean,Day 6,watered,planted,Day 6planted,watered_planted,RNA
cDNA_246,H5WW(P4),bean,Day 6,watered,planted,Day 6planted,watered_planted,RNA
cDNA_247,H5WW(P5),bean,Day 6,watered,planted,Day 6planted,watered_planted,RNA
cDNA_248,H5WW(U1),bean,Day 6,watered,unplanted,Day 6unplanted,watered_unplanted,RNA
cDNA_249,H5WW(U2),bean,Day 6,watered,unplanted,Day 6unplanted,watered_unplanted,RNA
cDNA_250,H5WW(U3),bean,Day 6,watered,unplanted,Day 6unplanted,watered_unplanted,RNA
cDNA_251,H5WW(U4),bean,Day 6,watered,unplanted,Day 6unplanted,watered_unplanted,RNA
cDNA_252,H5WW(U5),bean,Day 6,watered,unplanted,Day 6unplanted,watered_unplanted,RNA
cDNA_1,PreDr(P1),switchgrass,Day 0,pre-drought,planted,Day 0planted,pre-drought_planted,RNA
cDNA_2,PreDr(P2),switchgrass,Day 0,pre-drought,planted,Day 0planted,pre-drought_planted,RNA
cDNA_3,PreDr(P3),switchgrass,Day 0,pre-drought,planted,Day 0planted,pre-drought_planted,RNA
cDNA_4,PreDr(P4),switchgrass,Day 0,pre-drought,planted,Day 0planted,pre-drought_planted,RNA
cDNA_5,PreDr(P5),switchgrass,Day 0,pre-drought,planted,Day 0planted,pre-drought_planted,RNA
cDNA_6,PreDr(U1),switchgrass,Day 0,pre-drought,unplanted,Day 0unplanted,pre-drought_unplanted,RNA
cDNA_7,PreDr(U2),switchgrass,Day 0,pre-drought,unplanted,Day 0unplanted,pre-drought_unplanted,RNA
cDNA_8,PreDr(U3),switchgrass,Day 0,pre-drought,unplanted,Day 0unplanted,pre-drought_unplanted,RNA
cDNA_9,PreDr(U4),switchgrass,Day 0,pre-drought,unplanted,Day 0unplanted,pre-drought_unplanted,RNA
cDNA_10,PreDr(U5),switchgrass,Day 0,pre-drought,unplanted,Day 0unplanted,pre-drought_unplanted,RNA
cDNA_13,H1Dr(P1),switchgrass,Day 2,drought,planted,Day 2planted,drought_planted,RNA
cDNA_14,H1Dr(P2),switchgrass,Day 2,drought,planted,Day 2planted,drought_planted,RNA
cDNA_15,H1Dr(P3),switchgrass,Day 2,drought,planted,Day 2planted,drought_planted,RNA
cDNA_16,H1Dr(P4),switchgrass,Day 2,drought,planted,Day 2planted,drought_planted,RNA
cDNA_17,H1Dr(P5),switchgrass,Day 2,drought,planted,Day 2planted,drought_planted,RNA
cDNA_18,H1Dr(U1),switchgrass,Day 2,drought,unplanted,Day 2unplanted,drought_unplanted,RNA
cDNA_19,H1Dr(U2),switchgrass,Day 2,drought,unplanted,Day 2unplanted,drought_unplanted,RNA
cDNA_20,H1Dr(U3),switchgrass,Day 2,drought,unplanted,Day 2unplanted,drought_unplanted,RNA
cDNA_21,H1Dr(U4),switchgrass,Day 2,drought,unplanted,Day 2unplanted,drought_unplanted,RNA
cDNA_22,H1Dr(U5),switchgrass,Day 2,drought,unplanted,Day 2unplanted,drought_unplanted,RNA
cDNA_25,H2Dr(P1),switchgrass,Day 3,drought,planted,Day 3planted,drought_planted,RNA
cDNA_26,H2Dr(P2),switchgrass,Day 3,drought,planted,Day 3planted,drought_planted,RNA
cDNA_27,H2Dr(P3),switchgrass,Day 3,drought,planted,Day 3planted,drought_planted,RNA
cDNA_28,H2Dr(P4),switchgrass,Day 3,drought,planted,Day 3planted,drought_planted,RNA
cDNA_29,H2Dr(P5),switchgrass,Day 3,drought,planted,Day 3planted,drought_planted,RNA
cDNA_30,H2Dr(U1),switchgrass,Day 3,drought,unplanted,Day 3unplanted,drought_unplanted,RNA
cDNA_31,H2Dr(U2),switchgrass,Day 3,drought,unplanted,Day 3unplanted,drought_unplanted,RNA
cDNA_32,H2Dr(U3),switchgrass,Day 3,drought,unplanted,Day 3unplanted,drought_unplanted,RNA
cDNA_33,H2Dr(U4),switchgrass,Day 3,drought,unplanted,Day 3unplanted,drought_unplanted,RNA
cDNA_34,H2Dr(U5),switchgrass,Day 3,drought,unplanted,Day 3unplanted,drought_unplanted,RNA
cDNA_37,H3Dr(P1),switchgrass,Day 4,drought,planted,Day 4planted,drought_planted,RNA
cDNA_38,H3Dr(P2),switchgrass,Day 4,drought,planted,Day 4planted,drought_planted,RNA
cDNA_39,H3Dr(P3),switchgrass,Day 4,drought,planted,Day 4planted,drought_planted,RNA
cDNA_40,H3Dr(P4),switchgrass,Day 4,drought,planted,Day 4planted,drought_planted,RNA
cDNA_41,H3Dr(P5),switchgrass,Day 4,drought,planted,Day 4planted,drought_planted,RNA
cDNA_42,H3Dr(U1),switchgrass,Day 4,drought,unplanted,Day 4unplanted,drought_unplanted,RNA
cDNA_43,H3Dr(U2),switchgrass,Day 4,drought,unplanted,Day 4unplanted,drought_unplanted,RNA
cDNA_44,H3Dr(U3),switchgrass,Day 4,drought,unplanted,Day 4unplanted,drought_unplanted,RNA
cDNA_45,H3Dr(U4),switchgrass,Day 4,drought,unplanted,Day 4unplanted,drought_unplanted,RNA
cDNA_46,H3Dr(U5),switchgrass,Day 4,drought,unplanted,Day 4unplanted,drought_unplanted,RNA
cDNA_49,H4Dr(P1),switchgrass,Day 5,drought,planted,Day 5planted,drought_planted,RNA
cDNA_50,H4Dr(P2),switchgrass,Day 5,drought,planted,Day 5planted,drought_planted,RNA
cDNA_51,H4Dr(P3),switchgrass,Day 5,drought,planted,Day 5planted,drought_planted,RNA
cDNA_52,H4Dr(P4),switchgrass,Day 5,drought,planted,Day 5planted,drought_planted,RNA
cDNA_53,H4Dr(P5),switchgrass,Day 5,drought,planted,Day 5planted,drought_planted,RNA
cDNA_54,H4Dr(U1),switchgrass,Day 5,drought,unplanted,Day 5unplanted,drought_unplanted,RNA
cDNA_55,H4Dr(U2),switchgrass,Day 5,drought,unplanted,Day 5unplanted,drought_unplanted,RNA
cDNA_56,H4Dr(U3),switchgrass,Day 5,drought,unplanted,Day 5unplanted,drought_unplanted,RNA
cDNA_57,H4Dr(U4),switchgrass,Day 5,drought,unplanted,Day 5unplanted,drought_unplanted,RNA
cDNA_58,H4Dr(U5),switchgrass,Day 5,drought,unplanted,Day 5unplanted,drought_unplanted,RNA
cDNA_59,H5Dr(P1),switchgrass,Day 6,drought,planted,Day 6planted,drought_planted,RNA
cDNA_60,H5Dr(P2),switchgrass,Day 6,drought,planted,Day 6planted,drought_planted,RNA
cDNA_61,H5Dr(P3),switchgrass,Day 6,drought,planted,Day 6planted,drought_planted,RNA
cDNA_62,H5Dr(P4),switchgrass,Day 6,drought,planted,Day 6planted,drought_planted,RNA
cDNA_63,H5Dr(P5),switchgrass,Day 6,drought,planted,Day 6planted,drought_planted,RNA
cDNA_64,H5Dr(U1),switchgrass,Day 6,drought,unplanted,Day 6unplanted,drought_unplanted,RNA
cDNA_65,H5Dr(U2),switchgrass,Day 6,drought,unplanted,Day 6unplanted,drought_unplanted,RNA
cDNA_66,H5Dr(U3),switchgrass,Day 6,drought,unplanted,Day 6unplanted,drought_unplanted,RNA
cDNA_67,H5Dr(U4),switchgrass,Day 6,drought,unplanted,Day 6unplanted,drought_unplanted,RNA
cDNA_68,H5Dr(U5),switchgrass,Day 6,drought,unplanted,Day 6unplanted,drought_unplanted,RNA
cDNA_71,H1WW(P1),switchgrass,Day 2,watered,planted,Day 2planted,watered_planted,RNA
cDNA_72,H1WW(P2),switchgrass,Day 2,watered,planted,Day 2planted,watered_planted,RNA
cDNA_73,H1WW(P3),switchgrass,Day 2,watered,planted,Day 2planted,watered_planted,RNA
cDNA_74,H1WW(P4),switchgrass,Day 2,watered,planted,Day 2planted,watered_planted,RNA
cDNA_75,H1WW(P5),switchgrass,Day 2,watered,planted,Day 2planted,watered_planted,RNA
cDNA_76,H1WW(U1),switchgrass,Day 2,watered,unplanted,Day 2unplanted,watered_unplanted,RNA
cDNA_77,H1WW(U2),switchgrass,Day 2,watered,unplanted,Day 2unplanted,watered_unplanted,RNA
cDNA_78,H1WW(U3),switchgrass,Day 2,watered,unplanted,Day 2unplanted,watered_unplanted,RNA
cDNA_79,H1WW(U4),switchgrass,Day 2,watered,unplanted,Day 2unplanted,watered_unplanted,RNA
cDNA_80,H1WW(U5),switchgrass,Day 2,watered,unplanted,Day 2unplanted,watered_unplanted,RNA
cDNA_81,H2WW(P1),switchgrass,Day 3,watered,planted,Day 3planted,watered_planted,RNA
cDNA_82,H2WW(P2),switchgrass,Day 3,watered,planted,Day 3planted,watered_planted,RNA
cDNA_83,H2WW(P3),switchgrass,Day 3,watered,planted,Day 3planted,watered_planted,RNA
cDNA_84,H2WW(P4),switchgrass,Day 3,watered,planted,Day 3planted,watered_planted,RNA
cDNA_85,H2WW(P5),switchgrass,Day 3,watered,planted,Day 3planted,watered_planted,RNA
cDNA_86,H2WW(U1),switchgrass,Day 3,watered,unplanted,Day 3unplanted,watered_unplanted,RNA
cDNA_87,H2WW(U2),switchgrass,Day 3,watered,unplanted,Day 3unplanted,watered_unplanted,RNA
cDNA_88,H2WW(U3),switchgrass,Day 3,watered,unplanted,Day 3unplanted,watered_unplanted,RNA
cDNA_89,H2WW(U4),switchgrass,Day 3,watered,unplanted,Day 3unplanted,watered_unplanted,RNA
cDNA_90,H2WW(U5),switchgrass,Day 3,watered,unplanted,Day 3unplanted,watered_unplanted,RNA
cDNA_93,H3WW(P1),switchgrass,Day 4,watered,planted,Day 4planted,watered_planted,RNA
cDNA_94,H3WW(P2),switchgrass,Day 4,watered,planted,Day 4planted,watered_planted,RNA
cDNA_95,H3WW(P3),switchgrass,Day 4,watered,planted,Day 4planted,watered_planted,RNA
cDNA_96,H3WW(P4),switchgrass,Day 4,watered,planted,Day 4planted,watered_planted,RNA
cDNA_97,H3WW(P5),switchgrass,Day 4,watered,planted,Day 4planted,watered_planted,RNA
cDNA_98,H3WW(U1),switchgrass,Day 4,watered,unplanted,Day 4unplanted,watered_unplanted,RNA
cDNA_99,H3WW(U2),switchgrass,Day 4,watered,unplanted,Day 4unplanted,watered_unplanted,RNA
cDNA_100,H3WW(U3),switchgrass,Day 4,watered,unplanted,Day 4unplanted,watered_unplanted,RNA
cDNA_101,H3WW(U4),switchgrass,Day 4,watered,unplanted,Day 4unplanted,watered_unplanted,RNA
cDNA_102,H3WW(U5),switchgrass,Day 4,watered,unplanted,Day 4unplanted,watered_unplanted,RNA
cDNA_105,H4WW(P1),switchgrass,Day 5,watered,planted,Day 5planted,watered_planted,RNA
cDNA_106,H4WW(P2),switchgrass,Day 5,watered,planted,Day 5planted,watered_planted,RNA
cDNA_107,H4WW(P3),switchgrass,Day 5,watered,planted,Day 5planted,watered_planted,RNA
cDNA_108,H4WW(P4),switchgrass,Day 5,watered,planted,Day 5planted,watered_planted,RNA
cDNA_109,H4WW(P5),switchgrass,Day 5,watered,planted,Day 5planted,watered_planted,RNA
cDNA_110,H4WW(U1),switchgrass,Day 5,watered,unplanted,Day 5unplanted,watered_unplanted,RNA
cDNA_111,H4WW(U2),switchgrass,Day 5,watered,unplanted,Day 5unplanted,watered_unplanted,RNA
cDNA_112,H4WW(U3),switchgrass,Day 5,watered,unplanted,Day 5unplanted,watered_unplanted,RNA
cDNA_113,H4WW(U4),switchgrass,Day 5,watered,unplanted,Day 5unplanted,watered_unplanted,RNA
cDNA_114,H4WW(U5),switchgrass,Day 5,watered,unplanted,Day 5unplanted,watered_unplanted,RNA
cDNA_115,H5WW(P1),switchgrass,Day 6,watered,planted,Day 6planted,watered_planted,RNA
cDNA_116,H5WW(P2),switchgrass,Day 6,watered,planted,Day 6planted,watered_planted,RNA
cDNA_117,H5WW(P3),switchgrass,Day 6,watered,planted,Day 6planted,watered_planted,RNA
cDNA_118,H5WW(P4),switchgrass,Day 6,watered,planted,Day 6planted,watered_planted,RNA
cDNA_119,H5WW(P5),switchgrass,Day 6,watered,planted,Day 6planted,watered_planted,RNA
cDNA_122,H5WW(U1),switchgrass,Day 6,watered,unplanted,Day 6unplanted,watered_unplanted,RNA
cDNA_123,H5WW(U2),switchgrass,Day 6,watered,unplanted,Day 6unplanted,watered_unplanted,RNA
cDNA_124,H5WW(U3),switchgrass,Day 6,watered,unplanted,Day 6unplanted,watered_unplanted,RNA
cDNA_125,H5WW(U4),switchgrass,Day 6,watered,unplanted,Day 6unplanted,watered_unplanted,RNA
cDNA_126,H5WW(U5),switchgrass,Day 6,watered,unplanted,Day 6unplanted,watered_unplanted,RNA